,i_min,i_max,i_25,name,type,time,OK
0,62.70561000000001,64.85614,63.761810000000004,tran_SchGtKttTtVt,Sch,Tue Feb  6 15:30:52 2024,False
